{"2.6 GHz AMD Opteron 2435": 192.10041854194452, "AMD EPYC 7351": 210.43169743023506, "AMD EPYC 7501": 225.14328864356162, "AMD EPYC 7501 2.0 GHz": 215.9696866347129, "AMD EPYC 7551P 2.0 GHz": 126.9713282733473, "AMD EPYC 7601": 192.89974024449035, "AMD EPYC 7601 2.20 GHz": 190.81129861214964, "AMD EPYC 7601 2.20 GHz, Dell SKU [338-BNCG]": 168.6978410437349, "AMD EPYC 7702 2.0 GHz": 301.5968895455758, "AMD EPYC 7702 2.00 GHz": 283.4744861722003, "AMD EPYC 7702 2.0Ghz": 279.70285115190234, "AMD EPYC 7702P 2.00 GHz": 170.12226881380195, "AMD EPYC 7713 2.00 GHz": 287.9963613389933, "AMD EPYC 7742": 307.9361380329537, "AMD EPYC 7742 2.25 GHz": 164.079687651101, "AMD EPYC 7742 2.25GHz": 235.3739811914638, "AMD EPYC 7742 2.25Ghz": 192.71742816575798, "AMD EPYC 7763": 265.3112397431481, "AMD EPYC 7763 2.45 GHz": 213.77790491236115, "AMD EPYC 7763 2.45GHz": 214.83115211001368, "AMD EPYC 7773X": 253.95912722998276, "AMD EPYC 7773X 2.20 GHz": 292.1456796344521, "AMD Opteron 2216HE": 240.30768097143005, "AMD Opteron 2356": 234.96550212834086, "AMD Opteron 2376HE": 173.2953589035077, "AMD Opteron 2377 EE": 124.57162072924466, "AMD Opteron 2380": 213.77568150435994, "AMD Opteron 2382": 191.1302668990558, "AMD Opteron 2384": 197.29204252950353, "AMD Opteron 2419 EE": 121.48314869371946, "AMD Opteron 2425 HE": 161.59251799412556, "AMD Opteron 4164 EE": 92.49915833144432, "AMD Opteron 4164EE": 56.13809814195175, "AMD Opteron 4310 EE": 85.73005382022377, "AMD Opteron 4376 HE": 131.178424609767, "AMD Opteron 4386": 145.6533144944799, "AMD Opteron 6168": 370.7910570585859, "AMD Opteron 6174": 253.84341203316637, "AMD Opteron 6176": 285.51593041203733, "AMD Opteron 6238": 292.7624546384364, "AMD Opteron 6262 HE": 147.606676883628, "AMD Opteron 6276": 324.758719408101, "AMD Opteron 6276 (2.30 GHz)": 356.2912945306592, "AMD Opteron 6278": 394.0061272963582, "AMD Opteron 6344": 336.3705954105311, "AMD Opteron 6366 HE (AMD Turbo CORE Technology up to 3.10GHz)": 150.239393779245, "AMD Opteron 6380": 283.1438936101452, "AMD Opteron 6380 (AMD Turbo CORE Technology up to 3.40GHz)": 194.52427119751576, "AMD Opteron 8384": 413.8355102916991, "Intel Core i3-540": 43.266427717815425, "Intel Core i5-4570": 113.56652344553628, "Intel E3-1260L v5": 30.195541327760857, "Intel Pentium D Processor 930": 136.95905169500975, "Intel X3350": 99.96650984367712, "Intel Xeon  L5335": 230.20721489393614, "Intel Xeon 3.8GHz": 303.33449109259607, "Intel Xeon 3070": 99.46404539352827, "Intel Xeon 5160": 223.23669011252926, "Intel Xeon E-2176G": 38.516995679322974, "Intel Xeon E-2288G": 32.36209029599097, "Intel Xeon E-2356G": 35.369517502442925, "Intel Xeon E-2356G (Intel Turbo Boost Technology up to 5.0GHz)": 31.520636421343724, "Intel Xeon E-2388G": 50.39200896289668, "Intel Xeon E-2388G (Intel Turbo Boost Technology up to 5.1GHz)": 36.2762305307854, "Intel Xeon E3-1220": 56.94332015217366, "Intel Xeon E3-1220v2 (Intel Turbo Boost Technology up to 3.50 GHz)": 50.956374750641736, "Intel Xeon E3-1230 v6": 28.149318868824196, "Intel Xeon E3-1240L v5": 30.647700080876934, "Intel Xeon E3-1240V2": 33.88268621536808, "Intel Xeon E3-1260L": 37.4943508809654, "Intel Xeon E3-1260L v5": 28.835525677678334, "Intel Xeon E3-1265LV2": 35.12092964597847, "Intel Xeon E3-1265LV3": 31.34884665992762, "Intel Xeon E3-1265Lv3": 34.02118481858855, "Intel Xeon E3-1270": 62.99924558713564, "Intel Xeon E3-1275Lv3": 34.2697601571586, "Intel Xeon E3-1280": 63.817561271833156, "Intel Xeon E3-1280v2": 62.30217109372729, "Intel Xeon E5-2440": 111.855373311446, "Intel Xeon E5-2450": 115.92248061897513, "Intel Xeon E5-2450L": 104.11583911636707, "Intel Xeon E5-2470": 136.63604330397902, "Intel Xeon E5-2470 (2.30GHz)": 172.4620587384826, "Intel Xeon E5-2470 (Intel Turbo Boost Technology up to 3.10 GHz )": 151.66391001438322, "Intel Xeon E5-2470 2.30 GHz (Intel Turbo Boost Technology up to 3.10 GHz)": 142.21100207141086, "Intel Xeon E5-2470 2.3GHz": 126.18334784129065, "Intel Xeon E5-2609": 99.37575614772067, "Intel Xeon E5-2630": 185.59612210016675, "Intel Xeon E5-2640": 172.37466110400737, "Intel Xeon E5-2650": 121.24251141451124, "Intel Xeon E5-2650 2.0 GHz (Intel Turbo Boost Technology up to 2.80 GHz)": 121.53545643594943, "Intel Xeon E5-2650L": 110.89427640560221, "Intel Xeon E5-2660": 135.5164228079375, "Intel Xeon E5-2660 (2.20GHz)": 175.6809349987867, "Intel Xeon E5-2660 2.2 GHz (Intel Turbo Boost Technology up to 3.00 GHz)": 166.76546864653486, "Intel Xeon E5-2660 2.20 GHz": 137.6380123855467, "Intel Xeon E5-2660 2.20 GHz (Intel Turbo Boost Technology up to 3.00 GHz)": 140.36804538538777, "Intel Xeon E5-2660 v2": 156.88474036722423, "Intel Xeon E5-2660V2": 125.95760126765967, "Intel Xeon E5-2665": 223.09655344469874, "Intel Xeon E5-2670": 167.33930200520072, "Intel Xeon E5-2670 (2.30GHz)": 276.4874712855783, "Intel Xeon E5-2670 2.60 GHz": 133.70574974541296, "Intel Xeon E5-2680": 139.12117962450807, "Intel Xeon E5-2698 V4": 156.02305586844287, "Intel Xeon E5-2699 v3": 161.7835174356255, "Intel Xeon E5-2699 v3 2.30 GHz": 164.53794746065796, "Intel Xeon E5-2699 v4": 149.0861674973879, "Intel Xeon E5-2699 v4 2.20 GHz": 164.11615210493392, "Intel Xeon E5-4607": 201.96856998693076, "Intel Xeon E5-4607 2.2 GHz": 187.43571918654806, "Intel Xeon E5-4640": 246.1294581974621, "Intel Xeon E5-4650 2.7 GHz (Intel Turbo Boost Technology up to 3.30 GHz)": 371.1626796976188, "Intel Xeon E5-4650L 2.60 GHz": 285.18449993612654, "Intel Xeon E5-4669 v3 2.10 GHz": 337.9730737134131, "Intel Xeon E5-4669 v4 2.20 GHz": 309.26277289001615, "Intel Xeon E5420": 212.8766542327112, "Intel Xeon E5440": 217.25605384432345, "Intel Xeon E5450": 220.58443502117123, "Intel Xeon E5462": 186.23719926974792, "Intel Xeon E5472": 246.26627753150458, "Intel Xeon E5540": 156.81215811972527, "Intel Xeon E5645": 144.04614416398348, "Intel Xeon E7-4870": 567.107581012167, "Intel Xeon Gold 5117": 147.89282070651043, "Intel Xeon Gold 5218": 214.9982808955877, "Intel Xeon Gold 5220": 166.67358397417598, "Intel Xeon Gold 6140": 217.6520132681219, "Intel Xeon Gold 6152": 197.8838315059746, "Intel Xeon Gold 6238R": 174.0803714113197, "Intel Xeon Gold 6252": 168.8175385204452, "Intel Xeon Gold 6252 Processor": 192.16838947890636, "Intel Xeon Gold 6314U CPU @ 2.30GHz (Intel Turbo Boost Technology up to 3.4GHz)": 173.12401595077438, "Intel Xeon Gold 6336Y Processor": 345.9598934570131, "Intel Xeon L3360": 80.8328393320508, "Intel Xeon L5408": 246.62681836743684, "Intel Xeon L5410": 124.40395050008026, "Intel Xeon L5420": 155.86993887471147, "Intel Xeon L5420 (2.5GHz)": 248.9199430852396, "Intel Xeon L5430": 179.17908362461728, "Intel Xeon L5520": 132.91193264112027, "Intel Xeon L5530": 134.9394630349534, "Intel Xeon L5630": 113.55300046381096, "Intel Xeon L5640": 119.95216137486628, "Intel Xeon L7345": 337.21426693736055, "Intel Xeon Platinum 8160": 182.54595160560962, "Intel Xeon Platinum 8176": 326.0777525261393, "Intel Xeon Platinum 8176 CPU 2.10 GHz (Intel Turbo Boost Technology up to 2.80 GHz)": 238.20136037586593, "Intel Xeon Platinum 8176M": 368.9068154809582, "Intel Xeon Platinum 8180": 224.22602405482823, "Intel Xeon Platinum 8180 2.50 GHz": 354.17638409958033, "Intel Xeon Platinum 8180 2.50 GHz (Intel Turbo Boost Technology up to 3.8GHz)": 229.22028348162783, "Intel Xeon Platinum 8180 2.50GHz": 310.5665111113742, "Intel Xeon Platinum 8180 @2.50 GHz": 231.59950380400298, "Intel Xeon Platinum 8276L": 368.02119684093935, "Intel Xeon Platinum 8276L CPU 2.20 GHz": 367.1928903722722, "Intel Xeon Platinum 8276M 2.20GHz": 217.24615701437068, "Intel Xeon Platinum 8280": 213.8803566315687, "Intel Xeon Platinum 8280 2.70GHz": 343.5701687321859, "Intel Xeon Platinum 8280 @ 2.70GHz": 215.5697627322921, "Intel Xeon Platinum 8280 @ 2.70GHz (Intel Turbo Boost Technology up to 4.00 GHz)": 333.89921289141216, "Intel Xeon Platinum 8280 CPU 2.70 GHz": 111.85135937798222, "Intel Xeon Platinum 8280, 2.70 GHz": 227.76817991599196, "Intel Xeon Platinum 8280L": 269.46292563665264,